,0cc19,27cc19,53cc19,63cc19,77cc19,90cc19,97cc19,103cc19,105cc19,108cc19,0eg19,27eg19,53eg19,63eg19,77eg19,90eg19,97eg19,103eg19,105eg19,108eg19,labels
91,0.734860557,19.68830465,66.21015856,87.61062895,91.43919006,95.50510734,84.01359072,0.626124066,0.109129706,0.296296296,-0.008271195,0.029386412,0.144984081,0.239383146,0.192151129,0.218149677,0.183767259,0.006123596,-0.031493921,-0.044073999,0
93,0.588668138,23.74712021,78.05428648,97.80960314,97.2937759,98.92118248,88.95429363,0.371284865,0.08757526,0.18899558,-0.006811937,0.037984706,0.182393521,0.297808737,0.214721173,0.233844325,0.201315463,0.001621101,-0.035709299,-0.044518989,0
104,0.285276252,20.096219,71.82692825,90.09836066,94.80007689,96.21548749,85.81859362,0.363647476,0.172899124,0.248132907,-0.006475369,0.029933503,0.160408542,0.244812474,0.207678184,0.224729016,0.180030689,0.002247067,-0.026112607,-0.047409479,0
105,0.234365123,24.66727026,75.68610589,94.66917495,96.09124696,97.30586713,80.50043141,0.137783874,0.156297513,0.337143728,-0.008193502,0.034533262,0.158546284,0.254741818,0.199360505,0.212230176,0.151274413,-0.006627081,-0.032133535,-0.043106917,0
106,0.333307458,24.15029425,74.14135985,94.59285138,95.59998291,97.31557377,86.92394518,0.162780064,0.230532165,0.399329371,-0.009455809,0.035632052,0.167654052,0.267490208,0.198818192,0.216263354,0.175353438,-0.002062962,-0.027702373,-0.042841651,0
107,0.215888205,23.29832503,76.85783392,98.61030751,98.50484856,98.78882657,90.30629853,0.290199665,0.110412774,0.324950465,-0.007911677,0.036362629,0.173759893,0.286119789,0.205013081,0.22554113,0.188270345,0.00071797,-0.029974679,-0.039668493,0
118,0.701723609,18.86555002,69.36092448,95.12604139,96.62487946,98.27653149,88.72814231,0.584666971,0.138660828,0.216505504,-0.006633812,0.028145334,0.161583483,0.278517723,0.220904857,0.269103318,0.214423433,0.004488886,-0.025672249,-0.054939006,0
119,0.224154195,21.69489994,75.88712712,96.39021768,98.06911872,99.71108899,86.69386253,0.857474636,0.095246184,0.277396738,-0.00784444,0.031451225,0.17250967,0.279148966,0.223880038,0.261513293,0.190201938,0.010702129,-0.035033952,-0.054415774,0
120,0.259247889,23.0982345,76.12362268,96.61058855,97.47533,98.26978012,85.55769564,0.468221308,0.138052667,0.418228929,-0.005743742,0.034038018,0.171148777,0.27348268,0.20611313,0.236327559,0.182078391,0.001757464,-0.033989307,-0.042482335,0
121,0.092384592,23.6296967,75.22601451,95.04111798,96.11474219,97.28077389,83.84059534,0.230452675,0.149845907,0.451150739,-0.008337884,0.038239844,0.170343876,0.26518777,0.197426423,0.21757786,0.165550485,-0.007644142,-0.031917609,-0.042945929,0
133,0.120852399,18.70393843,67.04649288,94.18758398,97.27418836,98.37467645,92.49697022,0.863283036,0.0926688,0.115872746,-0.00790539,0.025631512,0.154508874,0.274359286,0.23363173,0.277340353,0.220446691,0.015712997,-0.030320654,-0.054322045,0
134,0.211998327,23.1571577,78.0639613,95.32061274,98.25280875,99.8420187,95.20862188,0.826916025,0.142309797,0.153864867,-0.007405171,0.03292742,0.177148268,0.264045417,0.220809847,0.264581263,0.207105368,0.013936901,-0.03201684,-0.051182229,0
148,0.118155031,16.49977365,61.16850309,85.81699346,95.20910761,96.97996018,87.77502157,1.363206828,0.172899124,0.137174211,-0.011411028,0.024931461,0.143777743,0.245412096,0.224367604,0.267836273,0.216080815,0.018870413,-0.023486175,-0.038750596,0
150,0.561819558,23.97479333,75.46895996,95.63880677,98.22183775,99.62777008,97.35760042,0.718738541,0.134679318,0.126200274,-0.006797056,0.036145251,0.174538106,0.271773547,0.233388752,0.275838912,0.226605892,0.013214756,-0.029384643,-0.057704348,0
165,0.295795993,20.65094638,70.68852459,88.09966252,96.52270494,98.46455159,87.49690943,2.085048011,0.158121997,0.34141137,-0.008057912,0.031458821,0.172438636,0.254039586,0.225825801,0.261272669,0.200120881,0.017750649,-0.023851307,-0.02518745,0
166,0.42493263,20.23580431,72.26874496,92.00471445,96.6848816,99.1080673,97.21742882,1.215668343,0.120713306,0.175758682,-0.007628484,0.028069817,0.168990478,0.273682237,0.228287682,0.271007568,0.23740603,0.015701525,-0.028444238,-0.043584369,0
167,0.374400716,23.26801628,73.39424886,93.62584378,98.03494383,99.40486496,97.17752373,1.208898668,0.116158852,0.033531474,-0.006622896,0.036493506,0.169883639,0.265412509,0.236054346,0.27302137,0.234248012,0.01600647,-0.032552846,-0.06333892,0
168,0.235369794,25.19266387,74.73689868,92.75902711,98.76970396,99.76843837,94.79184642,0.942539247,0.172534675,0.083523853,-0.006062136,0.036336359,0.166217089,0.256180048,0.212055996,0.250125438,0.213799775,0.008554399,-0.029493205,-0.057151727,0
182,0.372455777,20.14848348,67.22063961,88.83638701,93.21332905,97.0470233,88.04141501,0.824874257,0.157125871,0.205456485,-0.008398687,0.030333778,0.155540511,0.254433513,0.211373731,0.264010876,0.211373389,0.013201786,-0.02117333,-0.037671585,0
183,0.329667124,17.07062019,67.12819135,90.56382693,95.67105617,98.66917495,95.55812846,1.211400701,0.121632306,0.128930244,-0.007035904,0.023730492,0.153745934,0.27153331,0.228281349,0.28208825,0.234322563,0.01619417,-0.026311122,-0.051038589,0
184,0.314871238,26.47377693,73.8081161,92.43859178,98.70995393,99.43377912,96.95940097,0.461435032,0.149845907,0.182289285,-0.00437049,0.040743489,0.167858675,0.255219191,0.225895226,0.271513015,0.230520323,0.011748523,-0.028420983,-0.055814281,0
185,0.309731501,26.01539158,75.11959151,92.07847353,98.64888032,99.58908542,95.13612361,0.504801097,0.279754303,0.26032617,-0.003682738,0.039005268,0.16905123,0.249450311,0.214711085,0.245520115,0.217673495,0.003271994,-0.027161609,-0.049791664,0
197,0.611306255,32.34087823,75.22816447,92.85974499,97.56348441,98.97231927,91.66053497,0.067062948,0.186245723,0.265813138,-0.007271146,0.057846542,0.160307914,0.229819581,0.245549589,0.263112217,0.216756269,0.000627092,-0.033560626,-0.037037089,0
198,0.141806646,23.2547319,61.87906477,88.85998388,93.31987697,96.45624134,92.79020949,2.13686938,0.082709968,0.098155769,-0.013537008,0.036321703,0.146905631,0.23898536,0.212754607,0.261667252,0.225696281,0.018524539,-0.028133582,-0.043600056,0
200,0.380100288,20.2870077,62.35420586,88.0970749,94.22123969,97.85426766,91.55629853,1.219326322,0.09281953,0.303612254,-0.007355292,0.030385785,0.143740073,0.25486809,0.222202554,0.282999396,0.22192657,0.016461132,-0.022295468,-0.039072096,0
201,0.270943282,22.20823902,69.45014781,90.84547165,97.4927676,99.27308024,94.13088643,0.818777625,0.065073283,0.212856535,-0.00653138,0.036561653,0.158187851,0.257566929,0.236990601,0.278582007,0.221472234,0.011125078,-0.028732795,-0.048684016,0
202,0.153163929,25.43750282,73.04810535,93.35554958,99.12213251,99.83119806,97.96247403,0.385649676,0.140745954,0.263374486,-0.006779166,0.035098076,0.166436777,0.251546144,0.232040346,0.271165729,0.224078819,0.012301405,-0.026892563,-0.052381173,0
213,0.938555327,26.82842915,75.7549046,95.57538296,96.35503439,95.36660319,83.45632791,0.008556411,0.113446092,0.153635117,-0.007279801,0.049981121,0.167052925,0.257137239,0.274362504,0.273619145,0.204877794,-0.015762495,-0.052778263,-0.060521137,0
214,0.858149496,32.9466504,71.30341306,90.39935501,93.93929685,95.53540512,86.38439231,0.012193263,0.079060999,0.187776254,-0.007922373,0.066045575,0.150196552,0.227420941,0.244886979,0.252836257,0.199660271,-0.00755814,-0.048748929,-0.051007722,0
215,0.514922543,30.05658669,71.42058586,91.66613093,96.03678073,97.81708369,90.56981475,0.149367474,0.183819069,0.196921201,-0.00867346,0.057607032,0.152154133,0.226878077,0.245675519,0.253463656,0.220253572,0.000298911,-0.038413152,-0.045092758,0
216,0.227085557,17.4472612,55.75705456,88.07309863,91.48190867,92.70580852,89.26376385,0.871531598,0.068114091,0.173326035,-0.011502382,0.026749965,0.131544113,0.236424237,0.220616534,0.237478003,0.205615923,0.013563119,-0.032006077,-0.040963441,0
219,0.207105926,20.73336351,64.77828541,84.46694525,93.34550814,97.32730263,91.73101812,1.538931671,0.180015812,0.355774494,-0.013153482,0.034991037,0.151322678,0.231710762,0.213944584,0.256409764,0.21529071,0.018037818,-0.019329794,-0.03310911,0
220,0.266070202,24.73607967,73.6210696,93.88658963,99.15568413,99.82959448,98.2286617,0.774966386,0.14083219,0.230532165,-0.006232429,0.038141578,0.173090741,0.263749957,0.252680898,0.2799761,0.241507873,0.017965671,-0.025893899,-0.047114141,0
221,0.189631531,25.22925419,75.20666488,94.88417092,99.43825025,99.76086392,98.67122576,0.612685031,0.19521985,0.243264611,-0.007274337,0.036140971,0.173940167,0.262378424,0.237950027,0.268744588,0.227244332,0.017170276,-0.025767252,-0.053126924,0
222,0.20856785,24.26527841,73.00080623,92.06879871,99.04203511,99.73814058,96.42594356,0.454100966,0.241426612,0.275497172,-0.003716153,0.033125039,0.164039001,0.247551993,0.222155437,0.251621157,0.212365091,0.01058427,-0.029312495,-0.052280013,0
223,0.166778501,24.62381168,71.96560064,92.86643375,98.90426759,99.33128463,95.18550475,0.325143625,0.197044335,0.27063188,-0.004690731,0.035121877,0.156948209,0.241658226,0.215809211,0.246553272,0.207172573,0.006715186,-0.026845157,-0.051566999,0
224,0.036060797,26.22951562,74.31335662,94.85910211,98.7622282,98.7058518,95.19671918,0.170517052,0.156297513,0.233534027,-0.008554456,0.043944459,0.161431104,0.246857107,0.218847662,0.243390679,0.205910981,0.00390075,-0.027181549,-0.048908338,0
225,0.032162332,28.90274202,77.28030099,95.93657619,98.93203469,98.72627265,94.13629675,0.060506051,0.115226337,0.166225824,-0.013455947,0.045774467,0.170497194,0.267136544,0.22898449,0.253901631,0.209875032,-0.003318026,-0.032537378,-0.052047446,0
228,0.440526488,34.53463105,76.32249395,97.39962376,98.3552984,99.72407375,96.58825312,0.317809559,0.138660828,0.349692878,-0.004956759,0.063557208,0.164532706,0.246737525,0.257591844,0.267099708,0.228456348,0.006263312,-0.035960075,-0.052767839,0
236,0.15948498,19.32466007,62.33485622,91.06046762,91.91016276,93.34314404,84.0271786,0.568206066,0.072192968,0.110349032,-0.010723405,0.028884551,0.146815225,0.250440359,0.201199651,0.223092437,0.179050595,0.010016559,-0.029224521,-0.043219607,0
239,0.236310062,23.5741067,68.65466273,88.80960034,96.01328549,98.30873442,93.79414136,1.130925164,0.222645539,0.194482548,-0.009810927,0.044003461,0.163033083,0.238057971,0.229673982,0.262573689,0.230342403,0.019560587,-0.019322276,-0.04481994,0
240,0.219291848,25.69047296,76.27519484,95.44101048,99.22640094,99.84145815,98.67773943,0.838286847,0.166028097,0.206774919,-0.007898732,0.040575262,0.182237774,0.269676179,0.256255329,0.28679952,0.251271099,0.017522449,-0.02321285,-0.053027473,0
241,0.25082963,25.02422906,75.37006181,95.67320613,99.27698748,99.8658241,98.73382226,0.644175529,0.166225824,0.207895138,-0.007144107,0.037111629,0.172303483,0.265818328,0.241855219,0.271316469,0.227830067,0.012584113,-0.030304259,-0.05412063,0
242,0.328694654,19.21443737,67.10776673,88.87503359,98.72057756,99.58881579,97.67471959,0.179850633,0.150215897,0.229233349,-0.006219974,0.028258184,0.150575429,0.238050312,0.232570603,0.265312314,0.228384048,0.005271809,-0.03146974,-0.056271028,0
243,0.136816162,22.63405159,70.4692287,91.67858103,98.19620659,99.46654259,96.74711099,0.18716659,0.150452571,0.332266423,-0.008111918,0.033352047,0.15392305,0.235785723,0.218843952,0.255300939,0.217591077,0.004628082,-0.030245315,-0.056111384,0
244,0.104054225,24.64471247,72.01827466,92.84795886,98.4236832,98.88872057,96.06988783,0.124980948,0.090999539,0.181069959,-0.006639085,0.038878631,0.155432925,0.238002285,0.225392103,0.250512749,0.212797135,0.003849962,-0.029579211,-0.054438666,0
245,0.022853031,30.17070785,79.39908627,96.54286482,99.55572643,99.61604832,93.0813201,0.134125895,0.085750775,0.155689351,-0.010156542,0.048221599,0.173989519,0.263266027,0.23142007,0.245418057,0.196514443,-0.000642394,-0.032604638,-0.052994158,0
246,0.17077762,31.96458418,77.68664338,95.96237571,98.1897988,97.94083276,89.49525453,0.020728547,0.089786212,0.242645938,-0.011742773,0.056720991,0.17278944,0.26412499,0.230299711,0.24574995,0.200534761,-0.002618955,-0.031345285,-0.045672819,0
247,0.323346073,33.32746081,77.75436711,95.66568127,97.73270964,99.47303497,91.61945714,0.137174211,0.108252752,0.28166438,-0.007427501,0.061797973,0.176910847,0.257429063,0.263965845,0.267386645,0.213331714,-0.001051871,-0.032762885,-0.049425803,0
259,0.243654031,24.50746944,69.97043805,91.33132556,96.87299757,98.67447195,97.02545298,0.751105014,0.191705695,0.30848956,-0.007243345,0.048848681,0.167836338,0.248583823,0.235926673,0.271828413,0.243308842,0.017773803,-0.022379505,-0.045141373,0
260,0.299694458,26.23721141,76.01504972,95.54376942,99.38390657,99.86410699,99.16464681,0.342630697,0.12345679,0.336921486,-0.005799766,0.044895239,0.178533927,0.263831645,0.265772045,0.292896092,0.254194796,0.017001243,-0.028897583,-0.053783942,0
261,0.207622215,22.21755432,72.99865628,94.48408872,99.61446452,99.91235284,99.25012985,0.554333211,0.149239244,0.398110044,-0.006484919,0.03030391,0.167710915,0.261378646,0.250299633,0.280190825,0.242509499,0.015734656,-0.028773306,-0.058185067,0
262,0.141806646,21.70529651,71.85702768,90.01714347,98.94378231,99.72623788,97.63028047,0.483462887,0.241440126,0.367626886,-0.007397118,0.032050267,0.160898864,0.244265929,0.233678252,0.264781922,0.227814451,0.009762233,-0.027225431,-0.059813384,0
263,0.209080919,26.61792666,74.78204784,94.45087325,98.76863599,99.60288262,97.41587575,0.443834781,0.20929894,0.370675202,-0.006717957,0.039190073,0.162292585,0.247816741,0.226650268,0.255216151,0.216441408,0.009098275,-0.02986153,-0.056789655,0
264,0.078943906,29.09416025,79.17764042,96.46823871,99.36135674,99.95455332,97.37383137,0.210943454,0.142565944,0.222527054,-0.010850631,0.042667393,0.173479721,0.254374981,0.223466635,0.248113915,0.200341612,0.001002895,-0.031575821,-0.054288309,0
265,0.147167035,31.15914532,78.40687987,95.2373299,99.01853988,99.50280414,91.86612708,0.060356653,0.11555069,0.207383081,-0.008709349,0.047519505,0.171751723,0.251674771,0.22745879,0.242754653,0.189820513,-0.004655622,-0.032864116,-0.049305923,0
266,0.273750134,30.78678135,74.50900296,93.99335691,96.52590884,95.77670533,82.90663954,0.050602042,0.07097964,0.179850633,-0.009690681,0.05702778,0.172383666,0.253845185,0.235278711,0.24533172,0.18884109,-0.009233217,-0.034503777,-0.047070578,0
275,0.144730494,15.60615663,55.74092986,89.02817958,90.93938229,95.43140638,91.03834834,1.08581009,0.133516232,0.359423463,-0.009959579,0.023275206,0.133429945,0.237815946,0.220169246,0.239022568,0.205582425,0.007165729,-0.031428017,-0.037575025,0
276,0.076825082,16.14033499,58.1972588,88.40311744,90.12452476,94.75947326,93.42105263,0.853528426,0.085142614,0.259106843,-0.00759221,0.025332391,0.136914656,0.238971516,0.22215566,0.23949261,0.193927377,0.010878542,-0.025305938,-0.044144146,0
280,0.220263244,26.01086464,70.29938189,93.04296582,97.63872869,98.76941329,96.08822261,0.205456485,0.133187375,0.303612254,-0.006787135,0.048745167,0.166098773,0.248835281,0.246367872,0.274751961,0.246186018,0.006191105,-0.024176173,-0.0421253,0
281,0.260709813,23.4056134,71.02499328,93.71781779,99.16747027,99.50550927,98.43533587,0.368236549,0.067062948,0.301648118,-0.004166463,0.042477828,0.161607921,0.254070878,0.270846814,0.299559712,0.263218343,0.012841423,-0.033244491,-0.05326248,0
282,0.186714123,23.94136514,71.71835528,93.74791723,99.5813576,99.78645384,98.77835007,0.136902579,0.113118044,0.245694254,-0.00562452,0.035224397,0.160622671,0.253873676,0.260849267,0.284442902,0.243600473,0.00554299,-0.033616114,-0.058305614,0
283,0.116466627,21.66183794,68.95565708,88.19994625,98.85834508,99.74870578,97.79150796,0.306050907,0.26032617,0.36640756,-0.007531216,0.029402813,0.153838634,0.233061194,0.230055839,0.268598437,0.224168628,0.006880051,-0.027734177,-0.057311486,0
284,0.18331048,26.74241738,74.67884977,93.49637194,98.87756846,99.81233822,97.07937877,0.569425392,0.231101381,0.349336991,-0.007935654,0.039608534,0.164032921,0.239235416,0.224574476,0.249485746,0.204371631,0.006283794,-0.033645824,-0.054627467,0
285,0.077481982,25.32367587,76.22467079,94.30086789,99.38378401,99.59124245,95.81024931,0.133516232,0.114942529,0.203627496,-0.014339615,0.036116697,0.171099827,0.245019361,0.235657319,0.256484926,0.208667874,0.002656446,-0.036603227,-0.054269247,0
286,0.067735821,29.46198672,75.31416286,95.22923945,98.70669401,98.60467616,89.58513677,0.015241579,0.098765432,0.149607736,-0.016072296,0.048346102,0.17307587,0.260775745,0.250735283,0.260068148,0.202742025,-0.010853196,-0.033000074,-0.057029489,0
296,0.23193395,15.8345756,62.09943564,92.95135716,93.36259558,94.57020429,86.78583795,0.473708276,0.06248635,0.149367474,-0.005701456,0.024083899,0.152252465,0.266165793,0.229301095,0.231749371,0.184341833,0.007008465,-0.030622413,-0.040343881,0
297,0.161429919,22.02851969,69.56839559,95.82985107,98.67145115,99.35509003,90.14456371,1.371132449,0.207991242,0.429362039,-0.010383485,0.034778904,0.17070891,0.290030748,0.2581442,0.26693514,0.200650141,0.015754936,-0.026689606,-0.049029823,0
298,0.073259718,22.57265731,67.2055899,91.35501209,93.5591012,96.52502157,91.95211389,1.857643652,0.22628552,0.251790886,-0.009636676,0.037970681,0.163715437,0.254349768,0.244055331,0.263020843,0.200198829,0.017146507,-0.019563852,-0.042497616,0
301,0.088299792,30.12856496,78.22305832,97.19860253,99.75009612,99.81496711,96.91179017,0.621246761,0.106166129,0.16399939,-0.009097346,0.053699162,0.190923139,0.279622465,0.278480262,0.303186446,0.249114022,0.007477561,-0.027107328,-0.050374147,0
302,0.15948498,28.49751019,72.1117979,94.45730205,98.51659618,98.56193733,94.54594478,0.164609053,0.141352617,0.325560128,-0.008720231,0.057188578,0.166722059,0.250390202,0.260828346,0.288448215,0.241433606,0.006030319,-0.02268034,-0.050887905,0
303,0.125934786,20.73653237,67.08519215,91.51195915,99.1471124,99.18572045,97.95273546,0.028654169,0.077844676,0.268807395,-0.012730827,0.039325867,0.149468794,0.234847918,0.269549817,0.29727599,0.25831157,0.002456061,-0.030934004,-0.05625366,0
304,0.19697646,22.65031395,69.66299382,92.14082236,99.2887351,99.62452389,97.85534972,0.014056961,0.077046276,0.232281664,-0.009251061,0.040322114,0.155299932,0.239962533,0.267293572,0.293587059,0.246830419,-0.001864302,-0.037190676,-0.064117618,0
305,0.163374858,20.34223631,69.22010212,90.78742274,99.24281259,99.60721087,97.5934903,0.054869684,0.187921912,0.468221308,-0.009313711,0.030360851,0.154306963,0.241000503,0.252718359,0.285921842,0.236912191,-0.003470973,-0.036225382,-0.063407153,0
306,0.105280522,23.70439113,70.51975275,92.3837678,97.75086505,98.94715201,94.27847282,0.061575979,0.10798612,0.220088401,-0.011952011,0.036227491,0.153231874,0.233023971,0.228966668,0.262340993,0.215279877,-0.008600042,-0.041366126,-0.063563935,0
307,0.036467602,26.62290629,71.0239183,92.7333119,97.62804904,98.34119633,86.00350589,0.0347508,0.089179548,0.14266118,-0.011699341,0.047216244,0.161256254,0.23728016,0.232761711,0.251520991,0.193321645,-0.012854733,-0.040696815,-0.059079524,0
318,0.085278911,23.29506268,78.71647407,98.00698737,98.5251399,99.42975242,87.5204918,0.855967078,0.113118044,0.211553117,-0.006377478,0.036370967,0.191938937,0.299522758,0.248892888,0.256635994,0.180591226,0.003569902,-0.032576054,-0.047690026,0
323,0.087522245,28.73785969,77.33082505,96.53533996,99.72873681,99.89936807,97.94650561,0.137783874,0.086967098,0.174973327,-0.011947836,0.054446705,0.195220307,0.270114541,0.281287193,0.312779665,0.263427794,0.000343453,-0.025117043,-0.052108936,0
324,0.347937956,27.13601662,67.56463316,88.79781421,98.10329361,98.77402181,95.12926633,0.037799116,0.136228182,0.182898948,-0.00688512,0.055024639,0.156432047,0.224869639,0.248855785,0.282443374,0.238856599,-0.001808453,-0.02416466,-0.056299798,0
325,0.370841435,21.95283914,63.87100242,90.78097286,99.30890389,99.39926661,98.07808456,0.014022253,0.118274653,0.154473028,-0.004667683,0.043417301,0.141268209,0.232117191,0.269137561,0.301203787,0.259914875,-0.000221389,-0.027679369,-0.070696428,0
326,0.387529053,21.75116412,66.71647407,90.6455254,98.66824726,99.13326697,97.74698016,0.014056961,0.072979383,0.222527054,-0.007957744,0.038109183,0.148178041,0.237848818,0.255086333,0.291388959,0.24923335,-0.002744241,-0.038216379,-0.067627676,0
327,0.19102476,20.06595293,70.39828003,92.4482666,98.95446196,99.46221434,94.68291631,0.024386526,0.156073769,0.380429813,-0.010912769,0.033080567,0.15751341,0.245150149,0.255793661,0.287955731,0.226463869,-0.009094384,-0.042165875,-0.068751715,0
328,0.100650582,24.0705606,73.85864015,93.35017468,98.59562561,99.05211219,91.16044074,0.026825179,0.127105759,0.388355434,-0.018069312,0.040715083,0.164929986,0.242733464,0.246265501,0.27653867,0.212265491,-0.013998848,-0.047560897,-0.057644814,0
329,0.176405518,28.79432624,78.51437786,96.14057645,99.42223077,99.79440789,96.48727351,0.122542295,0.117983336,0.172534675,-0.003859679,0.046427678,0.179133043,0.250065804,0.24155435,0.272373021,0.219698086,-0.003880396,-0.042600874,-0.057140578,0
344,0.282638676,31.95654142,76.6772373,93.71136791,98.95531983,99.60829294,96.56011946,0.69440634,0.084326239,0.197652497,-0.002076854,0.063526429,0.186528966,0.267527491,0.259341866,0.296936065,0.277772188,0.012720925,-0.032373037,-0.047885437,0
346,0.212484562,27.7483024,74.41870465,95.72910508,99.43319404,99.86041378,98.95797265,0.203627496,0.10798612,0.179407651,-0.00799529,0.052154571,0.181769863,0.25638172,0.265739381,0.310119241,0.272564054,0.009296109,-0.02260039,-0.05408347,0
347,0.306029463,26.09551833,66.76699812,90.17464909,97.79384978,98.98069598,95.2232528,0.024386526,0.09463952,0.137444505,-0.012172111,0.05218992,0.151875943,0.225106582,0.240649953,0.278788894,0.24118261,0.002356963,-0.025779776,-0.059050865,0
348,0.312364467,23.19148936,65.07927976,92.05697393,98.95404461,99.27415876,97.85643179,0.01341259,0.043179468,0.188672377,-0.008965062,0.044258483,0.141727716,0.234086469,0.264338136,0.298750311,0.257270455,-0.000501487,-0.032127261,-0.066862233,0
349,0.390446461,21.72200388,65.80704112,91.22063961,99.13639773,99.68620152,98.43966413,0.050116123,0.046713097,0.181232135,-0.008564414,0.037281211,0.142785639,0.232584253,0.260009706,0.300769359,0.256485313,0.00258044,-0.035550483,-0.065649018,0
350,0.274841747,21.71118153,74.6186509,94.20048374,99.10425372,99.81280298,97.40412916,0.104862064,0.15143222,0.406251901,-0.008429034,0.030116322,0.168500945,0.257054955,0.260792881,0.292004079,0.237964228,-0.00203104,-0.040633731,-0.065579943,0
351,0.146842878,24.25079221,78.41870465,97.07497984,99.43855138,99.84310076,97.01251079,0.099984758,0.218398893,0.287660403,-0.014928579,0.03639492,0.17642881,0.264110148,0.253397912,0.285325438,0.230594635,-0.002672562,-0.039182242,-0.062194303,0
352,0.15593858,28.97012223,83.00994356,98.19243544,99.68927462,99.96862015,98.16265582,0.37616217,0.17896576,0.186097427,-0.011884827,0.0453653,0.190577477,0.274510354,0.252398849,0.282321125,0.232254997,0.013384904,-0.031217497,-0.05574714,0
363,0.242144878,19.35989135,67.77210427,93.78656381,85.74693494,90.2105696,85.76682485,1.950312452,0.099492829,0.158512422,-0.008454598,0.036838435,0.174484476,0.281055838,0.220835179,0.224439114,0.192536801,0.018137708,-0.019879879,-0.041222431,0
367,0.313415746,25.64870982,70.81967213,95.76984892,96.19697552,98.42213115,96.60914582,0.369455876,0.154699216,0.273738759,-0.003923703,0.052230351,0.171601772,0.267161548,0.274661452,0.282385349,0.227757275,0.004888259,-0.028580308,-0.052074429,0
368,0.179420603,28.20688094,74.55522709,94.98124933,99.41155111,99.84093663,98.3152268,0.54199055,0.117692737,0.170096022,-0.004538571,0.054318782,0.179468259,0.280787647,0.275090009,0.298388422,0.285876453,0.014309646,-0.029718289,-0.055732492,0
369,0.336960644,30.13371279,77.37489922,96.64845173,99.81737793,99.96537396,98.11937327,0.236549307,0.077236514,0.171925011,-0.006226711,0.05518103,0.187195167,0.276121706,0.274396867,0.304314792,0.268410057,0.004901577,-0.032657314,-0.055634715,0
370,0.187273186,27.93164328,73.4985219,94.57944927,99.48630868,99.70026835,97.6086392,0.035970127,0.077046276,0.167657369,-0.009794023,0.047335006,0.179186985,0.255316466,0.265382707,0.298165292,0.257939368,0.002638202,-0.031183621,-0.051137235,0
371,0.4162169,27.14259846,70.12738511,91.10918877,97.84057414,98.48078255,94.98058671,0.087791495,0.067946322,0.149367474,-0.010004836,0.052744772,0.163805425,0.235200942,0.244301364,0.277669579,0.243226483,-0.002064286,-0.030563166,-0.055616077,0
372,0.337933114,23.3005885,64.92985757,91.72506161,98.67459552,99.31406385,98.12911184,0.026825179,0.04378763,0.13136289,-0.00799504,0.041890882,0.143419325,0.234527975,0.257206529,0.299082518,0.261763513,-0.000385524,-0.036737017,-0.063719146,0
373,0.256166431,22.11726973,66.97016931,92.2811529,99.0794139,99.7673563,98.68637465,0.026891578,0.084932903,0.183508611,-0.010251772,0.037806358,0.14995794,0.239721864,0.25653246,0.300966918,0.254035324,-0.001516147,-0.039825313,-0.064477667,0
374,0.276181307,23.96831145,76.22897071,94.74231223,99.39019181,99.78034107,96.62071503,0.066453285,0.22684425,0.486511203,-0.00800154,0.034833848,0.17327112,0.255726308,0.255010188,0.290522963,0.230797797,-0.007738754,-0.038582839,-0.061493825,0
375,0.113528304,25.6641014,81.12335394,98.16029144,99.57388184,99.87123442,97.736195,0.158512422,0.210512267,0.404816339,-0.01095497,0.038177907,0.181788549,0.27417475,0.2540133,0.282388508,0.227450237,0.002038091,-0.037335914,-0.053800426,0
386,0.397349066,31.46401086,73.71674281,91.70190952,96.70425905,98.60547886,89.23887639,0.367017223,0.174719115,0.220088401,-0.007659616,0.055727638,0.148628652,0.227957428,0.215159759,0.223127365,0.182558477,0.008093272,-0.023745846,-0.037119173,0
390,0.2236744,24.64554097,73.84144047,96.64523733,96.88581315,99.31190682,98.16698407,0.695016004,0.138393538,0.408684547,-0.004613143,0.050366964,0.184982866,0.282660902,0.295261562,0.301846653,0.238570407,0.003485434,-0.033423699,-0.058836076,0
391,0.250410868,27.51788139,71.11529159,95.62698199,96.18415994,98.76914808,96.9391717,0.137174211,0.145958767,0.282274044,-0.006416034,0.054582544,0.170299575,0.260534704,0.27591911,0.289979696,0.231340006,5.28e-05,-0.037176058,-0.055791993,0
392,0.348425264,30.64282481,74.16608439,95.14754098,99.65291127,99.95362381,97.96572022,0.463953666,0.088791583,0.17558299,-0.007298608,0.05993408,0.180728048,0.288107693,0.278432101,0.298616409,0.274903119,0.010191559,-0.034390282,-0.056321811,0
393,0.352811037,31.04079144,72.71701156,95.23031443,99.70951344,99.77782571,96.61097645,0.109739369,0.08291419,0.178021643,-0.01004436,0.05982694,0.176237538,0.26752755,0.273343414,0.297519416,0.252849966,-0.000244518,-0.034857515,-0.054290555,0
394,0.29611693,26.96152105,72.76538565,95.14969094,99.69349396,99.76164797,97.13794148,0.048773053,0.120415982,0.206675812,-0.012527485,0.050772142,0.178185537,0.258776635,0.269440681,0.295734227,0.258247614,0.00074814,-0.02873376,-0.049983125,0
395,0.470252279,25.98143957,67.67535609,89.37212043,97.58426246,97.81708369,93.108283,0.043895748,0.104603783,0.136564548,-0.009759629,0.048983864,0.153165326,0.227547556,0.237218186,0.26765123,0.233593419,0.000629759,-0.027659623,-0.054550916,0
396,0.367430278,22.69760072,66.10481053,93.23622682,99.36569163,99.74630476,98.60630194,0.018899558,0.043286084,0.143526121,-0.007909548,0.039424986,0.146151081,0.237789109,0.257999092,0.298524052,0.261437148,-0.001165032,-0.036221415,-0.061080579,0
397,0.36759343,25.49487284,71.66353131,94.7358237,99.58349353,99.81557377,98.39313539,0.050116123,0.097914006,0.217649749,-0.008425363,0.042672776,0.159715757,0.249278009,0.257723719,0.292225152,0.240451172,-0.003307045,-0.040451214,-0.061785042,0
398,0.28653714,25.21276596,78.80784735,95.87852728,99.65397924,99.94176014,97.30457929,0.107300716,0.207895138,0.511507392,-0.007404852,0.035578717,0.179854676,0.264021009,0.257639349,0.28931579,0.229482293,-0.004999917,-0.038139671,-0.058449328,0
411,0.124962317,21.98807426,68.19027143,94.05213652,95.90755692,97.85859591,94.65412524,0.821825941,0.094032857,0.202408169,-0.005976248,0.052072011,0.17074509,0.274766982,0.286020577,0.288441062,0.232918888,0.012067678,-0.02324364,-0.047655124,0
414,0.418161838,27.57284185,72.41816716,94.91267545,94.55551284,98.3747403,97.64559965,0.147538485,0.113726206,0.341178617,-0.00877023,0.053010903,0.177784726,0.259902567,0.272676915,0.285551667,0.23210308,-0.002414596,-0.035411414,-0.065553151,0
415,0.297405345,29.88209785,75.32921258,95.34533727,96.79717203,98.99590164,97.21472722,0.070720927,0.161372516,0.268251791,-0.010341106,0.057345908,0.186231226,0.263143599,0.282494396,0.296726018,0.23172015,-0.010003853,-0.034559935,-0.057823978,0
416,0.477968706,30.79685594,70.96586939,91.45928514,98.99290871,99.47303497,96.33735979,0.018899558,0.060666359,0.212772443,-0.008278975,0.056930203,0.170903534,0.257943273,0.267108291,0.291874796,0.252890259,-0.006743933,-0.036986068,-0.053406727,0
417,0.456088145,30.19414806,72.09567321,94.01451223,99.36776454,99.36591066,96.5002157,0.029263832,0.078452837,0.168267032,-0.012298414,0.054859601,0.171255261,0.261565775,0.266997218,0.292786449,0.249537423,-0.006382886,-0.031551067,-0.05565105,0
418,0.461390673,26.36219903,71.65600645,93.61246977,99.22572515,99.46870672,96.25539258,0.043895748,0.098886166,0.154854443,-0.006873691,0.050388101,0.170907035,0.254025251,0.252703488,0.288603455,0.248277411,-0.002572442,-0.030628789,-0.053782467,0
419,0.382180471,25.84541717,68.00322494,90.67716704,97.09727028,97.95273546,93.47702231,0.042676421,0.104346138,0.18899558,-0.011096654,0.048728179,0.150341228,0.229960158,0.232444048,0.26990509,0.234078556,-0.001956634,-0.027281685,-0.055289153,0
420,0.284447297,23.48556715,66.83364687,94.54877721,98.40780028,99.05522002,97.6488352,0.027434842,0.065073283,0.138660828,-0.01122004,0.040849678,0.150035292,0.245875105,0.244858146,0.285267711,0.255486965,0.001362955,-0.03642489,-0.060733799,0
421,0.355624988,24.33634901,72.93415748,95.92905133,99.42329873,99.66672438,98.8513805,0.081285906,0.10798612,0.274958086,-0.009022114,0.03868999,0.162642241,0.261306107,0.256360322,0.279539883,0.243290767,0.000906895,-0.035562519,-0.058640756,0
422,0.168723439,26.46293536,80.64391293,97.44799785,99.83126148,99.88205506,97.36626402,0.243255601,0.315027671,0.381649139,-0.00828677,0.036576416,0.1835839,0.272722453,0.265913725,0.286032736,0.227917135,-0.003589459,-0.03354881,-0.063419439,0
437,0.091126608,23.96785876,70.9067455,93.59527009,95.52202144,98.66797957,97.11928387,0.843773815,0.141093474,0.231672001,-0.01339824,0.052183498,0.173927635,0.267583072,0.268952399,0.286779135,0.219525248,0.009062178,-0.026273081,-0.045610823,0
438,0.226585368,28.398823,74.613276,92.23542059,95.84056573,98.57059384,96.36643006,0.23532998,0.056698674,0.17558299,-0.008288693,0.058382414,0.18877323,0.259221524,0.27088806,0.273419887,0.2072763,-0.000500411,-0.03553563,-0.051048625,0
439,0.245603263,24.14554818,78.66487503,98.57135179,98.20581828,99.83877251,99.66456025,0.367626886,0.136836344,0.222527054,-0.004751714,0.044684954,0.192545667,0.288573921,0.289869696,0.298556328,0.251677483,0.003809881,-0.037091155,-0.061678346,0
440,0.389846449,26.25350837,73.09540446,95.56948462,96.6316374,99.40702909,99.01315789,0.140222527,0.179240969,0.389223378,-0.006952302,0.048042875,0.179111928,0.265224159,0.285725057,0.293932587,0.239635691,-0.002914669,-0.037621725,-0.062693693,0
441,0.621894176,27.87777275,69.43402311,93.70491803,96.67542398,98.81147541,98.18809318,0.055479348,0.099738491,0.290809328,-0.011086718,0.049739584,0.162746564,0.252961367,0.284631133,0.2901645,0.238942906,-0.005099794,-0.035450432,-0.057883892,0
442,0.50290192,27.19646899,66.94759473,89.47487235,98.54863514,99.17222126,97.48311981,0.021947874,0.072371222,0.159731748,-0.011129108,0.045807477,0.154620543,0.243523493,0.263920397,0.295167685,0.259629101,-0.003609828,-0.034591779,-0.059641872,0
443,0.574536205,27.34878258,66.72077399,90.11018543,98.93844248,99.25662223,97.89646814,0.054260021,0.059137327,0.151806127,-0.010405477,0.047173083,0.151912481,0.240194663,0.25257504,0.285889417,0.258884728,0.000795272,-0.032374311,-0.056925796,0
444,0.678783635,25.9302852,66.67669981,91.98172534,98.95766586,99.27609938,95.90114266,0.035970127,0.060816153,0.149367474,-0.006225796,0.046610013,0.155867547,0.242633998,0.246898651,0.288113505,0.251075149,0.004027938,-0.030281674,-0.054048561,0
445,0.645195873,26.25486646,68.81160978,94.00514304,98.59989748,99.10080506,96.13675582,0.031092821,0.093048714,0.221917391,-0.007334794,0.050250039,0.152614057,0.246165738,0.243384674,0.2802791,0.241463736,-0.00228256,-0.032771353,-0.056257162,0
446,0.2236744,25.57220462,73.44262295,96.96425692,98.75174113,98.80284728,96.93234938,0.062795306,0.085352843,0.200085143,-0.010399451,0.044462841,0.166431502,0.270466596,0.251375228,0.286908746,0.245076105,0.001872811,-0.034667633,-0.059978865,0
447,0.294171991,25.04630257,74.54555227,95.78070411,99.76077577,99.73705852,98.77618594,0.047671434,0.105211944,0.333485749,-0.006730452,0.039670721,0.168016613,0.262788117,0.253813863,0.275127083,0.237819642,0.002699793,-0.034774389,-0.058493629,0
461,0.362557198,22.03550617,74.95834453,97.17925289,85.09013627,91.78930055,87.37556267,0.20840973,0.040646461,0.163595451,-0.010870204,0.056277499,0.199722722,0.337674886,0.241451517,0.275395036,0.22639221,-0.000428485,-0.02742401,-0.044593386,0
464,0.101847385,24.7270258,65.50067186,90.14458479,94.62065872,97.82938019,96.66091458,0.293973842,0.066732995,0.193395366,-0.010842959,0.054826878,0.160315305,0.244949609,0.255296379,0.275750786,0.21839641,-0.001678249,-0.02895925,-0.046433613,0
465,0.177475664,26.24852875,74.68314969,93.89303951,95.53948355,98.63984591,97.42685249,0.080063562,0.048044761,0.142917959,-0.00800827,0.050072867,0.184781715,0.260832787,0.27298218,0.286295056,0.220372498,-0.006668973,-0.036812935,-0.056682922,0
466,0.189075528,23.77738628,76.10319807,96.17307175,97.00969713,99.64941136,99.19927285,0.048893778,0.06248635,0.240223803,-0.007032232,0.039711542,0.18634814,0.267116696,0.28687796,0.302267045,0.239027515,-0.008742554,-0.040105686,-0.061214801,0
467,0.391795681,25.47985514,71.51733405,93.14904104,96.10085864,99.22199619,98.53704986,0.077007701,0.173326035,0.323958359,-0.008012914,0.043722149,0.170199946,0.241616651,0.275692016,0.291727513,0.225318313,-0.011828455,-0.035514131,-0.066641904,0
468,0.547500267,26.0556813,66.12308519,90.4638538,94.18172498,97.85914582,97.03300259,0.052560812,0.137712636,0.181232135,-0.012330227,0.045488503,0.151028454,0.230448291,0.266049623,0.285611361,0.226589248,-0.007613581,-0.035429597,-0.063789912,0
469,0.661764348,26.60072431,63.92045149,86.41547971,97.47960186,99.04778393,97.10223338,0.0220022,0.057026378,0.10764459,-0.007023219,0.043187771,0.140058249,0.223114356,0.242336899,0.29102549,0.254609704,-0.002767398,-0.035920907,-0.063782498,0
470,0.551145418,27.28057099,65.54797098,90.48320344,99.09436542,99.67862708,98.55869114,0.0440044,0.043179468,0.145958767,-0.009854387,0.045303073,0.149127498,0.238531217,0.250494212,0.295030624,0.264466256,-0.0027112,-0.036191143,-0.062220655,0
471,0.379263063,24.96695337,65.83391561,91.79575383,99.17553078,99.67970914,97.99710007,0.018946339,0.063093014,0.114334367,-0.014356248,0.043841559,0.152116209,0.243892148,0.25544861,0.296735197,0.26465115,-0.000789308,-0.032884382,-0.064068221,0
472,0.447836109,24.2100498,68.98360656,93.16832744,99.11572472,99.50549688,96.69974116,0.015279306,0.121332719,0.176975005,-0.009648915,0.04560684,0.153883696,0.241840199,0.244192734,0.283412069,0.244300708,-0.007576616,-0.027585613,-0.062306732,0
473,0.20369477,24.78361249,71.90432679,96.37301801,99.42033644,99.48123382,98.10530644,0.037281506,0.086358937,0.157125871,-0.008545381,0.044320472,0.159719303,0.256392568,0.251581401,0.283156514,0.24317874,-0.00314092,-0.034802496,-0.059485059,0
474,0.206649746,25.3227628,76.92555765,96.89653319,99.74048443,99.91235284,99.09214855,0.084550534,0.130432672,0.235358511,-0.0062553,0.036756996,0.172277808,0.265790164,0.250862598,0.279505283,0.236764342,0.001525729,-0.037272923,-0.066087663,0
488,0.313621379,19.67520441,63.80005375,92.55116254,88.78529625,92.69823407,91.30128982,1.153482701,0.056419714,0.134125895,-0.008816408,0.050259054,0.156633019,0.275327414,0.261395186,0.291798651,0.260658503,0.013099313,-0.028881347,-0.053452443,0
491,0.145870409,27.22498868,70.57887665,93.80799314,97.09833825,99.35941828,98.62597066,0.242036275,0.093426193,0.215820759,-0.011432685,0.0563858,0.172050074,0.254970282,0.278475344,0.298643172,0.235330492,0.001761482,-0.02718164,-0.05152107,0
492,0.304197636,24.27523766,73.46089761,95.43555127,95.33483339,99.01532202,98.24489266,0.03657979,0.064465122,0.139003201,-0.005689781,0.04457622,0.178123444,0.25982064,0.271677524,0.288039744,0.225300282,-0.011315687,-0.033809036,-0.062150534,0
493,0.620435472,25.46008944,74.5917764,96.18986392,96.61882182,99.58881579,99.06834314,0.044505411,0.117692737,0.236549307,-0.004993725,0.042930484,0.178989023,0.261229604,0.278041452,0.300354034,0.235287964,-0.011270936,-0.03620676,-0.067858793,0
494,0.613141951,25.06745134,72.58908895,96.44153958,96.29522833,99.67105263,99.2782635,0.05974699,0.178191328,0.362464271,-0.007069726,0.041913621,0.172406092,0.259496182,0.280761898,0.298977107,0.239901081,-0.011300093,-0.0388304,-0.064923197,0
495,0.498748278,28.89452241,69.06100511,91.75291975,95.18027254,98.26790336,95.86173425,0.057918,0.083719576,0.237768633,-0.010150646,0.052275084,0.15487285,0.240022153,0.268649668,0.282472044,0.220410258,-0.010228366,-0.038465083,-0.063289076,0
496,0.457060614,27.06428248,64.1386724,85.55984142,97.85552565,99.2815097,97.92243767,0.020728547,0.067339659,0.105471727,-0.010120405,0.044287622,0.140612289,0.223637387,0.239516482,0.291483134,0.258995473,-0.008305254,-0.037495088,-0.062337819,0
497,0.428859002,26.90744003,66.41010481,87.99099968,98.54970311,99.4124394,97.79908241,0.028044505,0.07176306,0.168876696,-0.010470918,0.04715101,0.148601815,0.234561399,0.247492701,0.294173181,0.258145869,-0.005541506,-0.032158684,-0.056934088,0
498,0.365813425,25.30964237,67.48400967,91.73363334,99.31863813,99.25229398,96.50926247,0.016460905,0.055206387,0.134735559,-0.012448967,0.045866784,0.15551123,0.250831991,0.260947257,0.287172079,0.251304388,-0.004755051,-0.030755097,-0.06139553,0
499,0.409895849,25.75826166,70.82612201,93.75026699,99.28766714,99.13867729,95.58994823,0.014631916,0.088572885,0.187776254,-0.01030118,0.047569346,0.15871872,0.251571,0.254591674,0.275124431,0.236294121,-0.002954207,-0.030909296,-0.062562801,0
500,0.280071185,22.27569036,70.82074711,97.45312333,99.06889532,98.6011648,97.265625,0.057918,0.100346652,0.189138235,-0.006109355,0.040760331,0.155842796,0.27187112,0.256983131,0.280083001,0.239670768,0.002021734,-0.033782501,-0.06147724,0
501,0.181451222,24.70659981,80.36656813,99.01746491,99.57067794,99.6450831,98.67771814,0.164405329,0.171079133,0.271300107,-0.005823776,0.039314527,0.179296389,0.293063194,0.252298445,0.282634318,0.234079033,0.005012537,-0.0332813,-0.061350249,0
515,0.301951746,20.95225189,66.40472991,91.00134372,84.94916485,88.26466782,87.03036818,0.261545496,0.052301891,0.218259412,-0.009556013,0.045170467,0.167783722,0.277952582,0.249784961,0.277513623,0.237654567,-0.004704295,-0.039295718,-0.055950932,0
516,0.342577567,21.96798608,67.0346681,95.89895189,92.89482678,95.83908542,96.3308887,0.587715287,0.046220276,0.123761622,-0.009174286,0.05105364,0.172798529,0.296510637,0.280069232,0.312828302,0.278406948,0.008351676,-0.03723174,-0.058857724,0
519,0.167146665,25.54049781,71.0346681,94.24993281,98.30086719,99.85547886,99.1625907,0.371284865,0.15508119,0.221307727,-0.009257549,0.049770199,0.169000819,0.255213588,0.290663213,0.3205311,0.239376917,0.007622101,-0.025105232,-0.059479196,0
520,0.342795461,23.63238018,71.8882021,95.35716205,96.6623808,99.53839517,98.74137187,0.062185642,0.067672611,0.146319159,-0.003898927,0.040479783,0.16980812,0.260216355,0.27177453,0.299753278,0.21587421,-0.004344756,-0.034574032,-0.057256617,0
521,0.786515211,22.51928183,72.24832034,96.82558452,97.13464907,99.75625539,99.57937877,0.059137327,0.085750775,0.265203475,-0.002315051,0.039639626,0.16879034,0.263742447,0.2745184,0.303659379,0.232106656,-0.004063589,-0.036878575,-0.066807501,0
522,0.776281742,24.64019515,69.05025531,93.07832423,95.02328164,99.24503883,99.17277826,0.102423411,0.097546106,0.29860731,-0.003778137,0.045495201,0.16288963,0.236147404,0.268272847,0.286121935,0.221454278,-0.008217662,-0.041122936,-0.064567067,0
523,0.63988486,28.88376926,65.8188659,91.71835528,94.32376436,98.23165816,96.36656813,0.053650358,0.092440552,0.218869075,-0.009153734,0.053474359,0.146893546,0.22724019,0.262402475,0.275750846,0.219894946,-0.008711936,-0.034819756,-0.06116144,0
524,0.514110005,28.64028549,65.04380543,89.30072561,98.75582041,99.38740293,98.42428818,0.02499619,0.065073283,0.104862064,-0.010930611,0.049766801,0.140978217,0.238523379,0.250019878,0.290516406,0.255230308,-0.005843058,-0.035599411,-0.062124159,0
525,0.411288004,26.4554343,65.5307713,92.10749798,99.29727882,99.50927524,98.66803279,0.025605853,0.073769242,0.143880506,-0.009789282,0.047734208,0.147224471,0.242374569,0.259807944,0.296503216,0.265676916,-0.006662318,-0.03515828,-0.059291184,0
526,0.302437981,24.73144509,69.32007525,94.08331094,99.661455,99.59339948,97.52480587,0.054260021,0.12345679,0.14266118,-0.014803582,0.045344718,0.160481378,0.250373602,0.262306601,0.290756911,0.261158794,-1.92e-05,-0.029881148,-0.057436094,0
527,0.343552183,25.68143832,70.26498253,95.0016072,99.13601606,99.32700604,96.48266595,0.047553727,0.097305844,0.170096022,-0.00803259,0.048891861,0.158247352,0.252739251,0.249483243,0.276153535,0.237177476,-0.00273885,-0.033335034,-0.061927546,0
528,0.221725168,23.44807336,70.66595001,97.03520559,99.29711775,99.18624026,98.0543572,0.120713306,0.082304527,0.163595451,-0.005729398,0.044033047,0.155505031,0.262462348,0.252566159,0.27557078,0.233270183,0.003148845,-0.032194197,-0.059133586,0
543,0.299520573,16.92258941,56.93523246,91.39801129,92.01435766,95.91088123,95.98468507,0.579180003,0.097066175,0.221307727,-0.010830178,0.036597732,0.134111032,0.254689395,0.276782781,0.327114731,0.290267527,0.007656583,-0.033924457,-0.061353028,0
544,0.465866507,20.32163346,56.46331631,90.82504703,87.88278153,93.95992036,90.93879848,0.623685414,0.03215317,0.148757811,-0.00695669,0.050088279,0.134551898,0.246832177,0.25314787,0.302262545,0.245236114,0.004275967,-0.036851484,-0.053922627,0
545,0.515084621,15.00181077,53.57054555,90.16500589,80.44894461,87.49567175,79.08370845,0.004278206,0.017028523,0.091224229,-0.00348043,0.041178167,0.13067314,0.253791243,0.223956153,0.246787533,0.179555595,-0.015528765,-0.036282402,-0.049574774,0
546,0.265970379,24.49479402,67.35178715,95.22601451,92.41294332,95.29874892,90.56656856,0.126809938,0.082506249,0.229233349,-0.006473,0.044104218,0.165104598,0.266693443,0.269967079,0.272488475,0.188764319,-0.005310138,-0.026272262,-0.045619704,0
547,0.107695082,25.43775464,70.21553346,95.41413598,97.93635487,99.52497403,98.29810181,0.178021643,0.091606203,0.183508611,-0.007998131,0.047000736,0.168742791,0.256409228,0.283901691,0.309429795,0.231988773,0.000473352,-0.029227166,-0.054151371,0
548,0.33550194,24.15934812,70.61972588,94.19510884,95.53345875,99.28800208,98.3898892,0.040847432,0.07176306,0.174973327,-0.00715652,0.042237476,0.165003747,0.242028177,0.258534431,0.282862008,0.212535456,-0.007521856,-0.034190014,-0.057432637,0
549,0.467815739,24.33527578,70.17145929,94.61972588,96.34629808,99.65157548,99.58989785,0.029263832,0.091606203,0.219478738,-0.008683416,0.040795404,0.160767823,0.243966654,0.260065138,0.293664604,0.232005641,-0.006380694,-0.036528297,-0.06446591,0
550,0.578434669,25.39655953,69.76081698,94.06621665,95.91342548,99.74030471,99.30206891,0.051211706,0.113118044,0.356990817,-0.009685057,0.047042649,0.160378277,0.239389971,0.257942736,0.294851273,0.228854746,-0.010961721,-0.03943035,-0.068954453,0
551,0.668086472,26.53553644,64.70303682,92.36871809,95.28126005,98.28515962,95.47670406,0.041457095,0.082506249,0.176192654,-0.008273513,0.048581336,0.141172677,0.231251583,0.250051498,0.274018705,0.219639748,-0.008718392,-0.036162939,-0.062197916,0
552,0.446861492,29.49569941,67.41413598,90.96801935,98.81495768,99.16789301,97.63460873,0.02499619,0.075226286,0.111568358,-0.01172484,0.049646337,0.14556779,0.246448725,0.245766401,0.276141852,0.228696659,-0.007129749,-0.034446329,-0.061357141,0
553,0.395206838,30.6233907,68.54501478,91.70975544,99.13425479,99.05752251,97.17689578,0.027434842,0.082101806,0.107300716,-0.008456955,0.054173741,0.152002946,0.23752971,0.25050661,0.277363807,0.238225058,-0.008349769,-0.033156943,-0.056850098,0
554,0.263539205,30.10185604,74.58425155,95.13249127,99.41712204,99.29882271,92.90707237,0.0231672,0.069766313,0.207895138,-0.012224518,0.051923752,0.17601569,0.257776737,0.25634259,0.277160078,0.22412996,-0.006253449,-0.027757991,-0.046241321,0
555,0.226110941,28.57808963,75.74630476,96.77059895,99.68391728,99.70135042,96.69434858,0.084743179,0.111019438,0.249961896,-0.011664691,0.049731229,0.175368175,0.259079188,0.24910666,0.277655125,0.237778366,-0.001062817,-0.031945769,-0.05683611,0
556,0.224161708,29.17111815,78.76484816,97.87046493,99.46895996,99.79184642,98.8757358,0.142051517,0.099130329,0.169068905,-0.008728893,0.051988244,0.176885992,0.26535213,0.249798581,0.27939865,0.236108869,0.003398679,-0.032550272,-0.058613438,0
571,0.309245267,20.65821639,64.07417361,97.86723999,93.22696399,96.64019217,92.81509695,0.403597013,0.083318129,0.425544886,-0.012083578,0.042882476,0.147344381,0.322684318,0.27222243,0.326413423,0.2659913,-0.002447988,-0.039766368,-0.060750734,0
572,0.194550641,26.07197827,74.03601182,97.30717549,97.1090179,98.29683172,93.62489215,1.0839811,0.086752894,0.285932023,-0.015192625,0.049533993,0.185193777,0.316687018,0.309582531,0.341327459,0.290484697,0.015501985,-0.036947656,-0.062251411,0
573,0.476023767,24.13244794,62.94221983,90.61972588,93.29531377,95.85244979,93.04233033,0.729157141,0.044286442,0.086572169,-0.00882941,0.053290244,0.160279408,0.270531088,0.278146416,0.307524174,0.270754009,0.003317941,-0.039916065,-0.055483885,0
574,0.553821318,20.37120869,62.51975275,89.99464267,90.45986586,93.80302112,87.50108206,0.017723995,0.085142614,0.116158852,0.001409763,0.0407882,0.15262714,0.249536723,0.256557405,0.269696116,0.20250544,-0.014429065,-0.033376165,-0.053109728,0
575,0.370179899,23.14033499,65.09432948,90.33808116,87.91170063,94.10914582,86.5218144,0.008535284,0.063093014,0.108520043,-0.005709597,0.039633013,0.160927743,0.247537836,0.243013307,0.242071405,0.149827808,-0.015337504,-0.025374467,-0.045285091,0
576,0.131283368,26.15165233,70.67777479,95.7441548,94.52026998,98.09123961,94.46397757,0.040847432,0.046713097,0.190214906,-0.013121217,0.049794633,0.172892705,0.249308839,0.270737052,0.273652643,0.194323421,-0.009690382,-0.032794397,-0.051057357,0
577,0.315356401,26.26708918,73.84144047,96.33431873,97.21311475,99.49684037,99.05211219,0.053650358,0.045612115,0.162170401,-0.012003267,0.043993983,0.172138453,0.255102396,0.264588565,0.286318928,0.220635995,-0.000310937,-0.033368204,-0.05643449,0
578,0.733728156,27.68441975,74.04676162,96.46976619,96.62309368,99.62993421,99.44922957,0.082304527,0.08614623,0.20057918,-0.011170638,0.047377914,0.169337437,0.245176196,0.250948489,0.28003937,0.212980956,-0.003153639,-0.034119852,-0.062648334,0
579,0.848479544,27.28429153,74.49287826,97.0695382,96.31551967,99.46978878,98.81838643,0.104252401,0.128322082,0.36611324,-0.012991294,0.049483925,0.172014058,0.253329575,0.252132475,0.273601681,0.201666325,-0.007885571,-0.036817756,-0.065818302,0
580,0.761707,30.89814396,70.08868584,93.65224402,94.57794011,98.0877912,94.92881795,0.039018442,0.077046276,0.223136717,-0.014503943,0.058274563,0.158612356,0.236850977,0.242692426,0.256549358,0.196531981,-0.010238694,-0.035585608,-0.054553591,0
581,0.873763748,34.14622001,72.59553883,91.18194034,98.31475074,98.6463383,95.14694425,0.040237769,0.047926424,0.068891937,-0.013171279,0.063000306,0.159106538,0.234239787,0.22801806,0.24878782,0.196764231,-0.012551061,-0.033912465,-0.052668359,0
582,1.268100087,34.03125988,74.43590433,93.20935232,99.22252125,99.12677458,95.70528913,0.07133059,0.094265037,0.149367474,-0.005443011,0.065829195,0.164350614,0.237581104,0.237150639,0.252041161,0.213198721,-0.005840663,-0.027972482,-0.048902925,0
600,0.413237236,25.73019466,73.58452029,98.42730449,94.67619292,97.88071613,84.89655471,1.402834934,0.076020191,0.271300107,-0.01033269,0.057411883,0.18165341,0.322898299,0.285951138,0.343639463,0.22347559,0.00872626,-0.040711269,-0.053736646,0
601,0.210517083,27.38886374,69.00080623,98.11556033,95.04998078,97.76986669,86.01865478,0.930345984,0.123151959,0.514555708,-0.011941951,0.060945462,0.164450377,0.308082134,0.284249425,0.331809521,0.219243109,0.003953767,-0.036935221,-0.06169026,0
604,0.456607654,29.55590765,74.93576995,95.50733955,96.16600453,98.39205332,97.28510215,0.525608116,0.146928822,0.22684425,-0.010825351,0.054616198,0.178189322,0.267536342,0.286293209,0.310708672,0.237824708,0.001991971,-0.02952517,-0.05509799,0
605,0.355437563,30.46446356,72.89545821,95.26148885,96.8195993,98.02739431,96.5947455,0.129858253,0.090007906,0.221307727,-0.010690915,0.052002694,0.181210876,0.282491565,0.294765979,0.302617073,0.210819393,-0.007863904,-0.030498043,-0.05262243,0
606,0.151552807,25.03576279,76.86428379,98.53587745,98.3190226,99.49792244,98.91177739,0.743179393,0.121632306,0.306050907,-0.013828059,0.047511987,0.186812565,0.269919783,0.287666708,0.294678271,0.237162024,0.011123489,-0.030455148,-0.050411817,0
607,0.35203392,26.30964237,77.14055361,98.37678044,98.33494053,99.30639716,99.36699273,0.35299497,0.064014632,0.194482548,-0.010078338,0.048995994,0.182324544,0.26423192,0.285598487,0.287525177,0.220501423,0.006129752,-0.035867237,-0.052139826,0
608,0.715368234,29.44211049,80.30744424,99.29481322,98.4760135,99.48818386,99.50225069,0.181069959,0.081493645,0.243865264,-0.008580453,0.058836587,0.189474046,0.276818901,0.272821456,0.274241954,0.206350669,-0.003555778,-0.035717949,-0.058051299,0
610,1.012826871,32.45993662,77.9360387,96.82235958,97.40270836,98.75754961,96.21009491,0.101813748,0.093656875,0.14083219,-0.006740542,0.062774077,0.179874659,0.260801762,0.252485096,0.259252101,0.194083303,-0.00778942,-0.036491666,-0.060566828,0
636,0.133522409,25.38600533,74.39720505,99.25425908,99.12640437,99.56609245,99.41198603,0.493217497,0.091606203,0.192787204,-0.010225385,0.050705098,0.174487293,0.280342013,0.282668471,0.287984192,0.233775839,0.009354593,-0.032949395,-0.055470638,0
637,0.218319378,26.97158603,79.61300726,99.03675131,99.34104789,99.81496711,99.53623814,0.473708276,0.083318129,0.169068905,-0.00790981,0.04890056,0.185138777,0.277740508,0.278758973,0.284219682,0.219940498,0.010383461,-0.033235516,-0.055229776,0
660,0.2285121,19.96205448,67.893577,98.01671488,84.06728812,88.44693701,86.25021641,0.547477519,0.063404969,0.186556927,-0.0087681,0.057632998,0.154830232,0.320480168,0.239253879,0.268080175,0.217874587,0.00980047,-0.024613304,-0.045713127,0
691,0.153163929,27.37453133,73.49744692,96.23486553,91.30826101,92.8821849,84.42477493,0.809023015,0.062640637,0.286541686,-0.009209039,0.072820209,0.172624871,0.299360991,0.248344734,0.274356484,0.221593291,0.007476599,-0.031737298,-0.043261435,0
720,0.183227831,27.42467362,73.76296694,92.32894383,97.34503823,98.78808864,89.11335699,0.206066148,0.229885057,0.217040085,-0.010590916,0.046030663,0.152517334,0.220756203,0.211763665,0.231203169,0.183864474,0.003182701,-0.029970394,-0.039376084,0
721,0.278126246,29.55409688,73.70169309,91.90185364,97.60668973,95.86820535,84.92036011,0.14266118,0.179572423,0.144490169,-0.010082606,0.050099414,0.155581385,0.213859588,0.217687175,0.224462658,0.172716901,0.002992701,-0.02893177,-0.035417315,0
722,0.427886532,25.03938434,75.20881483,99.06476754,89.30539536,91.21688885,85.85310613,0.503581771,0.101919484,0.20312595,-0.005850613,0.060143899,0.174862519,0.318614572,0.242969826,0.270249158,0.21463792,0.004853118,-0.024656096,-0.054142915,0
723,0.550175629,26.0270136,70.38108035,96.19950713,87.93099754,90.92797784,83.98653913,0.535284255,0.081493645,0.192653559,-0.005153612,0.065307468,0.161791071,0.287430346,0.228917629,0.256198019,0.203246117,0.004124949,-0.028266136,-0.04179465,0
730,0.102595521,27.77953825,78.69604945,98.76914808,99.20116195,99.67970914,97.60569456,0.761469288,0.115872746,0.28349337,-0.010255896,0.047230817,0.171353817,0.248492241,0.240700692,0.235655233,0.176425934,0.010072654,-0.018977214,-0.048104994,0
755,0.242631113,27.18884246,76.02364956,95.28447445,89.64427301,91.27315616,84.62036238,0.938881268,0.110349032,0.123151959,-0.006818257,0.062243201,0.174431786,0.27733773,0.234119624,0.24750708,0.201556578,0.004015547,-0.025837241,-0.052787062,0
763,0.213943266,27.56742106,78.21553346,99.48508465,99.84356584,99.88205506,99.38632442,0.614540466,0.106691053,0.205456485,-0.005561055,0.046238139,0.16522862,0.253541678,0.232342064,0.225113675,0.174641103,0.005754197,-0.025786696,-0.051635358,0
788,0.196925052,28.64028549,79.76135447,93.06463326,90.67024993,92.07182916,85.19520429,0.78890413,0.149607736,0.122240467,-0.009302029,0.063447177,0.188561857,0.260911375,0.228398234,0.249680102,0.184058502,-0.000179506,-0.020527001,-0.042305004,0
821,0.415300122,26.4105344,79.06906745,97.01275046,93.23368692,93.98588989,87.84950658,0.780466936,0.089010822,0.134125895,-0.004637006,0.059540346,0.189217091,0.280658424,0.245851547,0.259649813,0.190369576,0.003868347,-0.029167611,-0.049974207,0
854,0.237282532,24.4400777,76.33539371,97.495982,93.62048645,94.21961565,88.9878376,1.285779607,0.102171137,0.123151959,-0.006543222,0.052602965,0.184508085,0.286424398,0.256868154,0.264446437,0.193891108,0.011588987,-0.030314,-0.047671188,0
885,0.513950073,24.72557257,75.60118248,97.36737436,97.26173694,97.52964855,95.16501294,0.839506173,0.113118044,0.253010212,-0.008892118,0.04711755,0.180901334,0.283225417,0.319857687,0.299923807,0.258901805,0.005825929,-0.0273559,-0.048647005,0
987,0.160324352,23.57591363,67.18839022,92.63316313,93.15647828,95.33973253,93.06397161,1.180917543,0.09281953,0.19521985,-0.009291006,0.038927138,0.157836959,0.261599094,0.258508563,0.290250897,0.261712193,0.01643182,-0.033530615,-0.052137457,0
1022,0.250410868,24.19660928,71.91722655,92.33431873,94.12832671,96.1755824,94.31298533,1.173601585,0.108252752,0.209724127,-0.010899434,0.039687268,0.169522017,0.266151935,0.27575779,0.304961652,0.26306349,0.023491509,-0.032428473,-0.052419219,0
1057,0.333318714,26.78276189,74.45525396,95.11959151,94.3458695,96.33951682,94.90023373,1.360768176,0.084932903,0.17741198,-0.006396221,0.045814995,0.179331407,0.297267497,0.276962429,0.295768201,0.257808149,0.017691631,-0.030290095,-0.05432725,0
1092,0.236274719,24.94929833,71.53345875,95.49341048,95.20803964,96.53523199,95.36345988,0.750495351,0.102423411,0.216430422,-0.00902621,0.043390766,0.172801763,0.288919032,0.288129061,0.296926439,0.246241748,0.015193091,-0.03365102,-0.060312297,0
1128,0.114751388,19.97691263,66.50040312,92.91405015,96.89756077,98.05543572,93.66264021,2.010059442,0.072371222,0.251181222,-0.00713077,0.031777479,0.160664335,0.265993714,0.302362591,0.308725297,0.255753845,0.024258208,-0.027647678,-0.06209673,0
1129,0.191999376,18.93888061,66.09406074,96.49737491,92.14191123,94.85729643,94.4717365,2.75994513,0.058846369,0.224965706,-0.011755506,0.031061461,0.152223468,0.300918311,0.273156643,0.277434975,0.252065301,0.029924449,-0.024709659,-0.050916839,0
1165,0.20369477,24.30479488,71.93550121,96.84385918,91.90695886,94.28494392,85.18334771,1.809480262,0.084932903,0.252387034,-0.008566979,0.042202748,0.166529983,0.303720981,0.276400387,0.28248018,0.209824115,0.01480809,-0.027390879,-0.051230498,0
1200,0.13565948,23.48076053,68.42784198,94.21230852,98.76756803,99.6212777,94.53774238,0.9864229,0.149607736,0.40199477,-0.011700493,0.042989906,0.16226168,0.272989988,0.308918238,0.307245553,0.228567511,0.011310655,-0.035354685,-0.059931941,0
1237,0.163735509,22.45812585,67.34211234,97.14377855,99.50766799,99.87556267,99.36266447,1.137391517,0.10798612,0.446998723,-0.014360404,0.041408047,0.157403037,0.292965442,0.323715568,0.323220223,0.250465602,0.018424951,-0.036607068,-0.059160523,0
1469,0.211998327,33.65406333,76.5708143,96.82020962,99.77786322,99.85500346,97.43313201,0.957171163,0.130754728,0.268251791,-0.011415901,0.056672655,0.170641512,0.263237208,0.256716669,0.263050646,0.211746782,0.014361506,-0.023392458,-0.054773293,0
1472,0.21540197,29.9250364,80.5708143,96.47273117,98.49780349,99.46762465,95.47886109,0.390184423,0.105211944,0.218259412,-0.008301608,0.050335173,0.176452428,0.272489995,0.231972113,0.260463655,0.166800991,0.004656582,-0.025242019,-0.055260841,0
